INSERT INTO `client` (`client_id`, `client_fname`, `client_lname`, `client_address`, `client_phone`, `client_email`, `client_subscribed`, `client_other_information`) VALUES
(1, 'Pansy', 'Rodriquez', '893 Ultricies St.', '(08) 8697 1489', 'risus@gmail.com', 0, ''),
(2, 'Desmond', 'Millers', '979-7239 Donec Rd.', '(06) 1247 9875', 'luctus.curabitur@gmail.com', 0, ''),
(3, 'Ezio', 'Auditore', '2165 Proin St.', '(03) 3078 6348', 'dictum.proin.eget@gmail.com', 0, ''),
(4, 'Barrack', 'Obama', '3750 Interdum. Rd.', '(07) 6110 5242', 'risus.quis@gmail.com', 1, ''),
(5, 'Bob', 'Muyskens', 'P.O. Box 512, 4316 Nibh Ave', '(06) 0212 5971', '"vivamus.sit@gmail.com', 0, ''),
(6, 'Wade', 'Barnes', '795-9308 Egestas. Av.', '(01) 8580 7419', 'libero@gmail.com', 0, ''),
(7, 'Mark', 'Fischbach', '243 Woodland Avenue', '(06) 6565 1725', 'sollicitudin@gmail.com', 0, ''),
(8, 'Ellen', 'Fox', 'P.O. Box 542, 4256 Sollicitudin Street', '(05) 4047 9934', 'nonummy.fusce.fermentum@gmail.com', 0, ''),
(9, 'James', 'Dean', '2658 Henery Street', '(02) 0476 1253', 'tristique.senectus@gmail.com', 1, ''),
(10, 'Garrett', 'Joseph', 'Ap #543-7256 Nibh. Rd.', '(08) 1212 2123', 'mollis@gmail.com', 0, ''),
(11, 'Gareth', 'Hughes', 'Ap #777-5285 Duis Ave', '(07) 8657 6249', 'mus@gmail.com', 0, ''),
(12, 'Barry', 'Polar', 'P.O. Box 164, 3805 Nisl. Ave', '(02) 5560 5902', 'unnusannus@gmail.com', 0, ''),
(13, 'Jay', 'Nathansfield', 'P.O. Box 495, 2508 Phasellus St.', '(03) 0419 1166', 'nisi.mauris@gmail.com', 0, ''),
(14, 'Anita', 'Sweet', '1889 Reeves Street', '(07) 6761 1156', 'diam.luctus.loborti@gmail.com', 1, ''),
(15, 'Gerald', 'Danpark', 'Ap #876-1382 Eu, Rd.', '(03) 7134 7616', 'bibendum.ullamcorper@gmail.com', 0, ''),
(16, 'Edward', 'Elric', 'P.O. Box 794, 2379 Sed St.', '(05) 3328 8703', 'diam@gmail.com', 0, ''),
(17, 'Kuroko', 'Tetsuya', '2433 McVaney Road', '(05) 0157 4647', 'danpark@gmail.com', 0, ''),
(18, 'Aomine', 'Daiki', 'Ap #247-9319 Lober, Street', '(02) 5686 0491', 'billdipperly@gmail.com', 0, ''),
(19, 'Jim', 'Carrey', '2629 Hamilton Drive', '(05) 7901 1523', 'dansgame@gmail.com', 0, ''),
(20, 'Rosie', 'Odonnell', '4676 Geraldine Lane', '(07) 9631 7338', 'pepelaugh@gmail.com', 1, '');


INSERT INTO `product` (`product_id`, `product_UPC`, `product_name`, `product_price`, `product_category`) VALUES
(1, '','', '', ),
(2, '','', '', ),
(3, '','', '', ),
(4, '','', '', ),
(5, '','', '', ),
(6, '','', '', ),
(7, '','', '', ),
(8, '','', '', ),
(9, '','', '', ),
(10, '','', '', ),
(11, '','', '', ),
(12, '','', '', ),
(13, '','', '', ),
(14, '','', '', ),
(15, '','', '', ),
(16, '','', '', ),
(17, '','', '', ),
(18, '','', '', ),
(19, '','', '', ),
(20, '','', '', ),
(21, '','', '', ),
(22, '','', '', ),
(23, '','', '', ),
(24, '','', '', ),
(25, '','', '', ),
(26, '','', '', ),

INSERT INTO `photo_shoot` (`photo_shoot_id`, `photo_shoot_name`, `photo_shoot_description`, `photo_shoot_datetime`, `photo_shoot_quote`, `photo_shoot_other_information`, `client_fk`) VALUES
(1, 'Highschool Graduation photoshoot', 'Graduation photoshoot that consists of two individuals, the sons of the client', 'Oct 2, 2021', '83585551617', '', 1),
(2, 'Vacation photoshoot', '', 'Feb 15, 2022', '74282448472', '', 2),
(3, 'Wedding photoshoot', '', 'Jun 25, 2022', '93390536576' ,'' , 3),
(4, 'Music video photoshoot', '', 'Oct 31, 2021', '47854461697' ,'' , 4),
(5, 'Family trip photoshoot', '', 'May 7, 2022', '79471002317' ,'' , 5),
(6, 'Anniversary photoshoot', '', 'Apr 24, 2022', '93718149110', '', 6),
(7, 'Reunion photoshoot', '', 'Jan 17, 2022', '15777140084', '', 7),
(8, 'Celebration Party photoshoot', '', 'Jan 28, 2022', '21700403572', '', 8),
(9, 'Birthday photoshoot', '', 'Dec 26, 2021', '639189385', '', 9),
(10, 'Beach photoshoot', '', 'Dec 6, 2021', '21993643527', '' , 10),
(11, 'Fashion photoshoot', '', 'Jul 26, 2022', '75744130479', '' , 11),
(12, 'Promotion photoshoot', '', 'Dec 20, 2021', '48487806906' ,'' , 12),
(13, 'Event photoshoot', '', 'Oct 26, 2021', '65037576214' , '', 13),
(14, 'University Gradutation photoshoot', '', 'Nov 18, 2021', '39759532524' ,'' , 14),
(15, 'Anniversary photoshoot', '', 'Apr 5, 2022', '83742795396', '' , 15),
(16, 'Birthday photoshoot', '', 'Sep 13, 2022', '48899035437', '' , 16),
(17, 'Wedding photoshoot', '', 'Apr 20, 2022', '34575001384' ,'' , 17),
(18, 'Promotion photoshoot', '', 'Jan 19, 2022', '50898164697', '' , 18),
(19, 'Single-Product photoshoot', '', 'Jan 2, 2022', '29923015136', '' , 19),
(20, 'Event photoshoot', '', 'Mar 18, 2022', '24579580878', '' , 20),
(21, 'Beach Party photoshoot', '', 'Dec 3, 2021', '57612649620', '' , 20),
(22, 'Anniversary photoshoot', '', 'May 23, 2022', '18107073583', '' , 11),
(23, 'Creative photoshoot', '', 'Sep 2, 2022', '92126573918', '' , 12),
(24, 'Creative photoshoot', '', 'Feb 6, 2022', '53668866777', '' , 5),
(25, 'Single-Product photoshoot', '', 'Mar 29, 2022', '64248237568', '' , 9),
(26, 'Fashion photoshoot', '', 'Jul 25, 2022', '88876027304', '' , 6),
(27, 'Creative photoshoot', '', 'Jul 16, 2022', '14042506860', '' , 20),

INSERT INTO `category` (`category_id`, `category_name`) VALUES
(1, 'Camera'),
(2, 'Camera Lens'),
(3, 'Picture frames'),

INSERT INTO `product_category` (`category_fk`, `product_fk`) VALUES
(1, ),
(1, ),
(1, ),
(1, ),
(1, ),
(1, ),
(1, ),
(1, ),
(1, ),
(1, ),
(1, ),
(1, ),
(1, ),
(1, ),
(1, ),
(1, ),
(1, ),
(1, ),
(1, ),
(1, ),
(1, ),
(1, ),

INSERT INTO `product_image` (`image_id`, `product_image_filename`, `product_fk`) VALUES
(1, '11.png', 1),
(2, '12.png', 1),
(3, '21.png', 2),
(4, '22.png', 2),
(5, '31.png', 3),
(6, '32.png', 3);
(7, '41.png', 4),
(8, '42.png', 4),
(9, '51.png', 5),
(10, '52.png', 5),
(11, '61.png', 6),
(12, '62.png', 6);
(13, '71.png', 7),
(14, '72.png', 7),
(15, '81.png', 8),
(16, '82.png', 8),
(17, '91.png', 9),
(18, '92.png', 9);
(19, '101.png', 10),
(20, '102.png', 10),
(21, '111.png', 11),
(22, '112.png', 11),
(23, '121.png', 12),
(24, '122.png', 12);
(25, '131.png', 13),
(26, '132.png', 13),
(27, '141.png', 14),
(28, '142.png', 14),
(29, '151.png', 15),
(30, '152.png', 15);
(31, '161.png', 16),
(32, '162.png', 16),
(33, '171.png', 17),
(34, '172.png', 17),
(35, '181.png', 18),
(36, '182.png', 18);
(37, '191.png', 19),
(38, '192.png', 19),
(39, '201.png', 20),
(40, '202.png', 20),
(41, '211.png', 21),
(42, '212.png', 21);
(43, '221.png', 22),
(44, '222.png', 22),
(45, '231.png', 23),
(46, '232.png', 23),
(47, '241.png', 24),
(48, '242.png', 24);
(49, '251.png', 25),
(50, '252.png', 25),
(51, '261.png', 26),
(52, '262.png', 26),


INSERT INTO `users` (`user_id`, `username`, `password`, `email`) VALUES
(1, 'Kim', '4_Yy#WcM8@G!*LsR', 'odio.phasellus@metusurna.edu'),
(2, 'Kyrie', '+8x.X8{,5p^!rB!m', 'velit.justo@phasellus.org'),
(3, 'Norton', 'HtR>gmb4%=MTKZ2Z', 'aenean@risus.com'),
(4, 'Marius', 'Vx=)cjj>72QvxEQ2', 'purus@integerinmagna.net');
